{
  "project_info": {
    "project_number": "456443047635",
    "firebase_url": "https://huillitasresgistro-default-rtdb.firebaseio.com",
    "project_id": "huillitasresgistro",
    "storage_bucket": "huillitasresgistro.appspot.com"
  },
  "client": [
    {
      "client_info": {
        "mobilesdk_app_id": "1:456443047635:android:6d9e43a8985521ff67ee26",
        "android_client_info": {
          "package_name": "com.cibertec.proyecto_huellitas_2023"
        }
      },
      "oauth_client": [
        {
          "client_id": "456443047635-c6iav0h5o5n2flt45ka1t819qmlss20i.apps.googleusercontent.com",
          "client_type": 3
        }
      ],
      "api_key": [
        {
          "current_key": "AIzaSyCYL_aEtQ9D5Hw5SeN9E5Bn7CnTTOjDkfo"
        }
      ],
      "services": {
        "appinvite_service": {
          "other_platform_oauth_client": [
            {
              "client_id": "456443047635-c6iav0h5o5n2flt45ka1t819qmlss20i.apps.googleusercontent.com",
              "client_type": 3
            }
          ]
        }
      }
    }
  ],
  "configuration_version": "1"
}